"id","name","model_id:id","group_id:id","perm_read","perm_write","perm_create","perm_unlink"
"access_ir_module_category_group_user","ir_module_category group_user","base.model_ir_module_category","group_allow_apps",1,0,0,0
"access_ir_module_module_group_user","ir_module_module group_user","base.model_ir_module_module","group_allow_apps",1,1,1,1
"access_ir_module_module_dependency_group_allow_apps","ir_module_module_dependency group_allow_apps","base.model_ir_module_module_dependency","group_allow_apps",1,1,1,1
"access_ir_module_module_group_allow_apps_only_from_settings","ir_module_module_group_allow_apps_only_from_settings","base.model_ir_module_module","group_allow_apps_only_from_settings",1,1,0,0
"access_ir_module_module_all_can_read","ir_module_module_all_can_read","base.model_ir_module_module","base.group_system",1,0,0,0
